1623902999999,38933.89000000,39050.00000000,38933.88000000,39038.99000000,77.38368300
1623903299999,39038.99000000,39050.00000000,38957.00000000,38985.08000000,43.31703200
1623903599999,38988.10000000,39035.83000000,38962.75000000,38982.47000000,38.42827600
1623903899999,38980.53000000,39018.48000000,38964.42000000,38983.82000000,32.59754100
1623904199999,38988.78000000,39026.08000000,38946.04000000,38946.05000000,32.77168200
1623904499999,38946.05000000,39012.15000000,38946.05000000,39006.22000000,33.42019700
1623904799999,39006.22000000,39076.82000000,38979.60000000,38979.63000000,89.33167000
1623905099999,38979.63000000,38991.91000000,38822.61000000,38834.62000000,98.42621500
1623905399999,38834.62000000,38840.80000000,38773.80000000,38834.52000000,64.45994400
1623905699999,38834.83000000,38882.99000000,38768.01000000,38792.14000000,54.89663300
1623905999999,38792.15000000,38834.50000000,38787.97000000,38805.07000000,36.48927000
1623906299999,38800.01000000,38874.11000000,38721.91000000,38737.87000000,69.56654700
1623906599999,38737.87000000,38750.00000000,38644.12000000,38723.45000000,81.40994400
1623906899999,38721.74000000,38837.96000000,38717.23000000,38799.37000000,38.32608600
1623907199999,38799.37000000,38849.00000000,38749.13000000,38749.14000000,28.03790200
1623907499999,38750.10000000,38798.76000000,38730.15000000,38739.00000000,35.77513700
1623907799999,38737.54000000,38807.42000000,38735.36000000,38753.62000000,56.65356400
1623908099999,38753.62000000,38839.83000000,38753.62000000,38808.29000000,62.60744400
1623908399999,38810.15000000,38852.00000000,38798.46000000,38798.51000000,40.65031500
1623908699999,38798.51000000,38802.90000000,38714.75000000,38796.87000000,75.69560800
1623908999999,38796.87000000,38836.19000000,38765.30000000,38810.18000000,43.46937900
1623909299999,38812.84000000,38833.93000000,38742.03000000,38811.33000000,71.90848500
1623909599999,38811.38000000,38827.46000000,38705.01000000,38707.55000000,56.87336500
1623909899999,38707.61000000,38778.40000000,38707.61000000,38766.96000000,56.47634600
1623910199999,38767.01000000,38815.71000000,38767.01000000,38782.65000000,45.46356500
1623910499999,38781.27000000,38829.82000000,38781.27000000,38826.26000000,21.51927700
1623910799999,38827.51000000,38827.52000000,38751.00000000,38793.56000000,26.31450600
1623911099999,38793.02000000,38960.84000000,38790.72000000,38897.40000000,74.08410100
1623911399999,38897.15000000,39190.00000000,38893.51000000,39112.03000000,245.72797200
1623911699999,39117.94000000,39147.52000000,39051.32000000,39067.52000000,88.71748000
1623911999999,39067.52000000,39148.81000000,39065.15000000,39090.65000000,74.16544800
1623912299999,39090.65000000,39266.66000000,39090.65000000,39196.60000000,142.95251000
1623912599999,39196.60000000,39196.60000000,39128.94000000,39164.03000000,64.08965400
1623912899999,39164.03000000,39289.79000000,39164.03000000,39235.36000000,137.76643700
1623913199999,39238.36000000,39272.15000000,39208.00000000,39243.15000000,49.85371300
1623913499999,39243.16000000,39290.38000000,39142.56000000,39148.11000000,88.66399400
1623913799999,39148.17000000,39399.00000000,39118.76000000,39380.60000000,188.14310200
1623914099999,39380.60000000,39380.60000000,39300.00000000,39311.90000000,85.27416600
1623914399999,39310.00000000,39310.56000000,39211.41000000,39239.39000000,73.28229600
1623914699999,39239.45000000,39277.19000000,39206.20000000,39237.18000000,89.55013900
1623914999999,39229.62000000,39394.01000000,39229.28000000,39354.71000000,132.27597600
1623915299999,39353.59000000,39395.00000000,39318.24000000,39333.40000000,106.38749100
1623915599999,39334.03000000,39385.91000000,39271.32000000,39303.98000000,67.88773900
1623915899999,39303.97000000,39330.00000000,39265.31000000,39330.00000000,76.96039100
1623916199999,39330.00000000,39336.73000000,39225.12000000,39240.29000000,77.71039600
1623916499999,39240.29000000,39288.46000000,39210.06000000,39272.76000000,92.83089600
1623916799999,39274.41000000,39281.15000000,39200.00000000,39200.68000000,76.63748900
1623917099999,39206.48000000,39300.00000000,39200.00000000,39214.91000000,94.28261400
1623917399999,39219.45000000,39236.48000000,39130.00000000,39132.43000000,116.10912100
1623917699999,39132.43000000,39223.49000000,39132.43000000,39195.25000000,63.52626700
1623917999999,39195.25000000,39240.00000000,39191.69000000,39195.77000000,46.21256000
1623918299999,39194.00000000,39343.28000000,39123.35000000,39305.17000000,84.34176900
1623918599999,39306.57000000,39322.44000000,39266.28000000,39293.17000000,44.35193900
1623918899999,39296.29000000,39403.10000000,39296.29000000,39358.55000000,120.93818100
1623919199999,39358.55000000,39411.26000000,39314.68000000,39384.97000000,49.10372800
1623919499999,39385.85000000,39385.85000000,39318.40000000,39331.23000000,54.03179500
1623919799999,39331.22000000,39340.02000000,39072.42000000,39128.95000000,183.25878900
1623920099999,39131.05000000,39173.45000000,39100.98000000,39157.97000000,46.12910700
1623920399999,39157.97000000,39303.78000000,39157.63000000,39274.88000000,118.18849800
1623920699999,39276.99000000,39380.00000000,39276.99000000,39311.56000000,52.51920700
1623920999999,39313.06000000,39348.88000000,39281.15000000,39297.12000000,35.85197900
1623921299999,39297.12000000,39337.03000000,39250.00000000,39300.33000000,44.53594700
1623921599999,39300.84000000,39300.84000000,39198.01000000,39216.20000000,75.80000400
1623921899999,39216.20000000,39232.79000000,39140.29000000,39207.49000000,80.51475400
1623922199999,39208.52000000,39344.16000000,39173.47000000,39331.33000000,119.26044900
1623922499999,39331.34000000,39365.08000000,39284.54000000,39329.99000000,58.80842900
1623922799999,39330.00000000,39359.96000000,39306.15000000,39335.69000000,60.63662200
1623923099999,39337.08000000,39341.25000000,39297.31000000,39313.86000000,30.25471900
1623923399999,39311.74000000,39313.72000000,39231.67000000,39240.73000000,25.19597300
1623923699999,39240.74000000,39541.99000000,39240.00000000,39487.20000000,163.56510200
1623923999999,39483.40000000,39524.00000000,39435.61000000,39489.23000000,142.51281200
1623924299999,39489.23000000,39530.00000000,39421.00000000,39444.29000000,84.03929100
1623924599999,39444.39000000,39444.39000000,39389.85000000,39396.62000000,56.01111900
1623924899999,39396.61000000,39453.06000000,39392.48000000,39446.69000000,41.66281200
1623925199999,39446.70000000,39500.00000000,39419.29000000,39437.68000000,65.88794000
1623925499999,39437.68000000,39454.98000000,39400.00000000,39431.97000000,34.39436200
1623925799999,39431.96000000,39454.96000000,39420.01000000,39426.18000000,26.24980800
1623926099999,39426.17000000,39436.05000000,39353.93000000,39382.85000000,41.61824100
1623926399999,39382.85000000,39407.14000000,39307.65000000,39347.16000000,48.06010100
1623926699999,39346.55000000,39360.00000000,39297.82000000,39307.15000000,30.20332700
1623926999999,39307.13000000,39366.81000000,39283.01000000,39323.35000000,30.87996100
1623927299999,39327.97000000,39342.28000000,39216.76000000,39264.55000000,58.28062500
1623927599999,39262.58000000,39282.61000000,39242.17000000,39254.12000000,19.65158000
1623927899999,39254.13000000,39285.71000000,39250.01000000,39264.69000000,42.34471600
1623928199999,39266.67000000,39313.45000000,39233.06000000,39246.46000000,35.29007800
1623928499999,39246.80000000,39319.34000000,39240.65000000,39283.63000000,28.03876800
1623928799999,39283.63000000,39288.56000000,39230.77000000,39234.99000000,30.52990000
1623929099999,39234.99000000,39241.66000000,39150.00000000,39150.01000000,146.78278900
1623929399999,39150.01000000,39186.39000000,39107.16000000,39176.21000000,170.09009300
1623929699999,39176.15000000,39203.51000000,39136.20000000,39139.45000000,50.69734800
1623929999999,39139.45000000,39195.00000000,39130.05000000,39195.00000000,36.64964600
1623930299999,39194.99000000,39220.90000000,39158.00000000,39185.80000000,61.09326200
1623930599999,39185.80000000,39308.00000000,39185.79000000,39223.01000000,92.09779500
1623930899999,39223.01000000,39246.78000000,39167.00000000,39167.00000000,52.08683400
1623931199999,39167.01000000,39208.25000000,39145.67000000,39153.61000000,34.43080200
1623931499999,39149.76000000,39168.97000000,39066.66000000,39110.45000000,144.32385700
1623931799999,39110.44000000,39188.40000000,39105.41000000,39159.88000000,48.02127300
1623932099999,39161.40000000,39177.77000000,38791.82000000,38852.26000000,273.32718400
1623932399999,38852.27000000,38897.67000000,38720.00000000,38796.49000000,202.88278900
1623932699999,38796.29000000,38852.83000000,38770.73000000,38784.13000000,116.54974600
1623932999999,38784.12000000,38832.11000000,38679.00000000,38749.99000000,91.17247500
1623933299999,38750.00000000,38758.31000000,38617.00000000,38660.73000000,129.78560700
1623933599999,38660.86000000,38788.87000000,38659.70000000,38729.06000000,137.40425200
1623933899999,38737.46000000,38788.88000000,38692.51000000,38767.53000000,77.48718400
1623934199999,38767.54000000,38778.43000000,38630.00000000,38762.31000000,96.97314400
1623934499999,38763.49000000,38867.04000000,38749.62000000,38776.40000000,129.94054900
1623934799999,38776.40000000,38802.88000000,38720.24000000,38777.81000000,94.59247500
1623935099999,38777.81000000,38835.95000000,38693.87000000,38799.34000000,116.32016400
1623935399999,38799.33000000,38799.35000000,38714.75000000,38717.17000000,41.60921200
1623935699999,38719.99000000,38724.48000000,38635.00000000,38722.43000000,120.42867700
1623935999999,38722.44000000,38725.24000000,38638.94000000,38708.39000000,64.38706400
1623936299999,38714.03000000,38759.00000000,38672.18000000,38757.48000000,45.49841600
1623936599999,38758.99000000,38768.98000000,38692.05000000,38735.62000000,43.08966000
1623936899999,38735.61000000,38865.00000000,38707.87000000,38858.34000000,107.86815100
1623937199999,38854.10000000,38862.19000000,38790.47000000,38850.02000000,49.63429500
1623937499999,38850.01000000,38854.49000000,38780.00000000,38795.79000000,40.56497900
1623937799999,38795.78000000,38843.46000000,38787.95000000,38843.02000000,37.45388100
1623938099999,38843.47000000,38843.94000000,38757.83000000,38789.81000000,37.20690900
1623938399999,38789.82000000,38789.82000000,38693.74000000,38711.38000000,56.60149700
1623938699999,38710.15000000,38710.15000000,38399.40000000,38500.32000000,382.46163200
1623938999999,38500.32000000,38544.52000000,38422.76000000,38512.27000000,110.81581000
1623939299999,38513.96000000,38545.90000000,38483.01000000,38520.59000000,71.10196500
1623939599999,38520.59000000,38580.00000000,38500.00000000,38569.73000000,80.98916700
1623939899999,38569.99000000,38600.20000000,38527.56000000,38593.42000000,61.99118300
1623940199999,38593.43000000,38874.80000000,38593.42000000,38820.53000000,189.90505900
1623940499999,38820.00000000,38958.70000000,38809.09000000,38810.00000000,183.69450600
1623940799999,38810.00000000,38870.90000000,38807.30000000,38828.90000000,39.42188100
1623941099999,38828.91000000,38844.13000000,38675.89000000,38748.00000000,78.30176000
1623941399999,38748.01000000,38800.00000000,38720.29000000,38742.03000000,48.14857900
1623941699999,38742.03000000,38863.23000000,38732.47000000,38819.53000000,62.50609800
1623941999999,38819.53000000,38914.26000000,38782.05000000,38900.19000000,77.91709800
1623942299999,38900.20000000,38976.05000000,38858.99000000,38891.55000000,88.85191700
1623942599999,38895.71000000,38899.99000000,38820.00000000,38855.52000000,68.25764700
1623942899999,38855.51000000,38860.29000000,38777.04000000,38852.29000000,45.58035600
1623943199999,38855.77000000,38859.70000000,38780.00000000,38842.78000000,58.89733100
1623943499999,38839.39000000,38859.99000000,38800.00000000,38852.43000000,52.80049600
1623943799999,38853.40000000,38906.22000000,38843.48000000,38867.02000000,49.03353500
1623944099999,38867.02000000,39071.57000000,38858.47000000,39016.80000000,117.07634100
1623944399999,39016.79000000,39020.25000000,38925.01000000,38974.06000000,93.21752600
1623944699999,38976.99000000,38977.00000000,38904.34000000,38915.98000000,31.42557700
1623944999999,38917.79000000,39014.98000000,38917.79000000,39012.43000000,64.53993900
1623945299999,39009.44000000,39147.95000000,38975.77000000,39075.83000000,76.94622700
1623945599999,39075.83000000,39099.51000000,38975.00000000,39012.94000000,58.24741200
1623945899999,39011.98000000,39104.59000000,38865.22000000,38874.24000000,146.86656800
1623946199999,38874.23000000,38923.55000000,38760.00000000,38820.96000000,140.09102400
1623946499999,38820.97000000,38886.67000000,38820.97000000,38834.97000000,34.66861900
1623946799999,38834.97000000,38834.97000000,38598.50000000,38619.41000000,158.15499300
1623947099999,38619.41000000,38712.54000000,38537.52000000,38689.85000000,138.76290800
1623947399999,38693.26000000,38705.18000000,38538.06000000,38608.28000000,94.72168900
1623947699999,38609.48000000,38635.58000000,38474.50000000,38626.55000000,122.37166900
1623947999999,38626.29000000,38684.44000000,38576.85000000,38611.75000000,43.56968300
1623948299999,38615.13000000,38624.16000000,38467.00000000,38500.94000000,125.94179700
1623948599999,38501.08000000,38501.08000000,38338.58000000,38375.92000000,167.10448800
1623948899999,38375.91000000,38418.72000000,38339.00000000,38380.04000000,85.97839900
1623949199999,38375.15000000,38529.86000000,38266.66000000,38499.62000000,256.01811900
1623949499999,38504.31000000,38547.60000000,38310.31000000,38439.96000000,169.53310300
1623949799999,38437.98000000,38448.20000000,38366.03000000,38430.16000000,102.26277900
1623950099999,38431.81000000,38434.53000000,38200.00000000,38236.69000000,170.05565400
1623950399999,38236.68000000,38324.99000000,38165.54000000,38214.99000000,159.07809500
1623950699999,38215.00000000,38215.00000000,37811.71000000,37892.62000000,644.02624400
1623950999999,37887.66000000,37906.58000000,37739.88000000,37820.01000000,285.35187000
1623951299999,37820.01000000,37924.98000000,37640.00000000,37911.38000000,390.06029000
1623951599999,37911.01000000,37957.14000000,37755.10000000,37800.00000000,168.97251500
1623951899999,37800.00000000,37885.57000000,37773.13000000,37861.48000000,84.04903200
1623952199999,37863.43000000,37883.39000000,37781.59000000,37823.15000000,64.52916500
1623952499999,37823.15000000,37845.03000000,37632.62000000,37713.97000000,185.37532400
1623952799999,37709.99000000,37726.74000000,37611.00000000,37691.43000000,124.71822700
1623953099999,37687.33000000,37808.79000000,37625.34000000,37781.13000000,130.39054800
1623953399999,37783.95000000,37794.82000000,37567.02000000,37658.70000000,175.29129800
1623953699999,37658.70000000,37747.05000000,37610.00000000,37720.00000000,107.54045800
1623953999999,37720.00000000,37776.03000000,37630.00000000,37706.80000000,119.71897300
1623954299999,37711.52000000,37742.87000000,37612.90000000,37709.22000000,111.86099800
1623954599999,37709.22000000,37742.88000000,37664.54000000,37730.61000000,61.57606400
1623954899999,37731.22000000,37808.47000000,37510.00000000,37794.96000000,215.39888800
1623955199999,37796.34000000,37852.08000000,37700.01000000,37746.22000000,151.50368400
1623955499999,37749.67000000,37850.00000000,37742.04000000,37782.04000000,123.64738500
1623955799999,37780.00000000,37894.55000000,37760.00000000,37888.64000000,124.11690100
1623956099999,37888.63000000,37888.63000000,37762.06000000,37775.45000000,76.10900200
1623956399999,37779.82000000,37798.27000000,37714.29000000,37748.19000000,85.49237700
1623956699999,37748.19000000,37749.45000000,37653.17000000,37703.60000000,70.98950400
1623956999999,37703.60000000,37765.30000000,37660.80000000,37692.79000000,60.27304900
1623957299999,37692.76000000,37800.00000000,37679.89000000,37740.00000000,113.48680900
1623957599999,37740.00000000,37740.00000000,37649.67000000,37706.18000000,38.04215300
1623957899999,37706.18000000,37826.67000000,37695.48000000,37794.78000000,61.41707100
1623958199999,37794.78000000,37800.75000000,37725.52000000,37740.07000000,27.64541600
1623958499999,37740.08000000,37840.00000000,37733.46000000,37775.07000000,47.95759300
1623958799999,37773.44000000,37927.14000000,37773.43000000,37902.82000000,74.35870200
1623959099999,37901.29000000,37911.25000000,37796.16000000,37813.03000000,41.10154500
1623959399999,37813.02000000,37859.77000000,37771.03000000,37779.62000000,59.55964500
1623959699999,37779.62000000,37795.61000000,37684.09000000,37684.09000000,58.68492900
1623959999999,37684.07000000,37756.67000000,37659.73000000,37702.23000000,33.09502200
1623960299999,37702.22000000,37702.22000000,37400.00000000,37537.17000000,297.43725000
1623960599999,37537.17000000,37642.12000000,37369.33000000,37628.78000000,195.11706000
1623960899999,37628.77000000,37866.66000000,37600.00000000,37842.73000000,133.67584600
1623961199999,37840.94000000,37853.24000000,37694.45000000,37752.33000000,51.60521500
1623961499999,37748.64000000,37780.00000000,37660.19000000,37750.90000000,44.68539300
1623961799999,37752.83000000,37810.85000000,37725.41000000,37770.03000000,35.12715900
1623962099999,37771.36000000,37773.71000000,37670.69000000,37720.08000000,40.46215300
1623962399999,37720.07000000,37720.08000000,37627.31000000,37648.67000000,38.70420200
1623962699999,37651.98000000,37738.24000000,37649.50000000,37730.00000000,32.89593400
1623962999999,37730.00000000,37789.63000000,37701.46000000,37767.61000000,42.93439200
1623963299999,37767.62000000,37778.99000000,37660.02000000,37678.91000000,25.37981600
1623963599999,37675.72000000,37760.00000000,37675.05000000,37749.93000000,23.02655200
1623963899999,37753.92000000,37753.92000000,37662.94000000,37686.85000000,29.88601600
1623964199999,37686.85000000,37686.85000000,37594.92000000,37659.02000000,31.45507300
1623964499999,37659.03000000,37665.29000000,37577.72000000,37592.42000000,62.43712600
1623964799999,37592.43000000,37600.01000000,37526.82000000,37531.67000000,48.12045600
1623965099999,37531.69000000,37644.28000000,37531.69000000,37642.89000000,65.45643000
1623965399999,37642.87000000,37716.59000000,37619.94000000,37700.37000000,29.65843400
1623965699999,37700.37000000,37700.37000000,37628.60000000,37663.93000000,14.69165200
1623965999999,37663.93000000,37740.00000000,37663.19000000,37682.95000000,13.89829700
1623966299999,37683.06000000,37817.14000000,37683.06000000,37802.22000000,27.61436800
1623966599999,37802.22000000,37816.13000000,37755.10000000,37815.17000000,20.31185400
1623966899999,37815.17000000,37832.42000000,37762.30000000,37785.91000000,28.69809900
1623967199999,37785.90000000,37785.90000000,37723.34000000,37737.54000000,12.69217700
1623967499999,37737.54000000,37764.12000000,37688.57000000,37720.94000000,51.30434300
1623967799999,37720.81000000,37724.47000000,37640.15000000,37694.64000000,59.59667100
1623968099999,37694.64000000,37729.79000000,37602.52000000,37677.42000000,114.93492900
1623968399999,37684.93000000,37814.25000000,37663.51000000,37795.40000000,64.54618800
1623968699999,37798.11000000,37800.08000000,37684.37000000,37756.00000000,27.52218300
1623968999999,37754.06000000,37816.32000000,37727.77000000,37806.53000000,22.31937000
1623969299999,37807.36000000,37815.06000000,37703.20000000,37725.28000000,31.70508900
1623969599999,37725.29000000,37727.95000000,37651.23000000,37659.36000000,24.96421700
1623969899999,37659.29000000,37748.22000000,37638.40000000,37731.43000000,43.03104200
1623970199999,37731.41000000,37845.54000000,37674.24000000,37816.37000000,40.03123400
1623970499999,37825.44000000,37835.00000000,37753.24000000,37753.74000000,21.39010000
1623970799999,37756.97000000,37970.35000000,37744.96000000,37948.88000000,96.09441800
1623971099999,37948.88000000,38144.87000000,37848.20000000,38100.02000000,159.31497200
1623971399999,38100.02000000,38206.02000000,38100.01000000,38187.20000000,97.20631200
1623971699999,38187.19000000,38200.70000000,38109.98000000,38131.95000000,34.41454600
1623971999999,38131.94000000,38131.94000000,38040.82000000,38089.84000000,35.94573600
1623972299999,38089.84000000,38089.84000000,38024.40000000,38050.45000000,14.97745200
1623972599999,38050.46000000,38054.14000000,37937.29000000,37978.05000000,49.85736800
1623972899999,37976.85000000,37981.53000000,37830.00000000,37844.28000000,66.41713100
1623973199999,37844.37000000,37957.01000000,37844.37000000,37911.45000000,65.86123000
1623973499999,37911.46000000,37958.79000000,37899.87000000,37917.56000000,28.21369300
1623973799999,37917.56000000,38098.35000000,37907.27000000,38098.35000000,32.93073200
1623974099999,38099.41000000,38119.99000000,38043.04000000,38081.08000000,29.60933600
1623974399999,38081.07000000,38106.39000000,37991.17000000,38083.00000000,26.31366700
1623974699999,38088.85000000,38088.85000000,37949.48000000,37985.77000000,60.46185100
1623974999999,37985.76000000,37985.76000000,37883.23000000,37982.14000000,30.17664400
1623975299999,37982.14000000,38157.93000000,37982.14000000,38152.00000000,66.34609000
1623975599999,38152.00000000,38200.00000000,38103.38000000,38116.76000000,75.23066300
1623975899999,38112.26000000,38116.76000000,38004.32000000,38007.94000000,42.72648600
1623976199999,38007.94000000,38076.56000000,38003.36000000,38023.10000000,24.85109500
1623976499999,38018.77000000,38106.49000000,38013.57000000,38080.73000000,19.70242600
1623976799999,38080.73000000,38080.73000000,38010.62000000,38012.71000000,17.08053200
1623977099999,38012.71000000,38012.72000000,37940.02000000,37950.78000000,26.67641000
1623977399999,37946.02000000,38010.19000000,37941.80000000,37953.58000000,27.46157800
1623977699999,37953.59000000,37990.00000000,37860.87000000,37872.26000000,54.07340500
1623977999999,37872.25000000,37892.86000000,37580.08000000,37672.59000000,188.13724500
1623978299999,37679.30000000,37789.87000000,37588.20000000,37608.64000000,102.96692000
1623978599999,37608.64000000,37738.02000000,37596.75000000,37669.77000000,70.34312900
1623978899999,37668.46000000,37756.75000000,37668.45000000,37698.90000000,43.39055700
1623979199999,37700.68000000,37783.57000000,37687.50000000,37691.20000000,40.69836500
1623979499999,37691.19000000,37738.48000000,37668.22000000,37720.81000000,28.44428400
1623979799999,37720.81000000,37775.51000000,37649.96000000,37657.53000000,55.55216700
1623980099999,37657.54000000,37687.61000000,37579.54000000,37580.00000000,51.29670900
1623980399999,37579.01000000,37673.70000000,37509.49000000,37650.00000000,46.62692300
1623980699999,37650.00000000,37717.05000000,37590.98000000,37717.05000000,47.79497500
1623980999999,37717.05000000,37803.85000000,37667.37000000,37667.89000000,47.75296500
1623981299999,37667.89000000,37697.37000000,37593.22000000,37605.11000000,29.60171300
1623981599999,37610.77000000,37674.02000000,37599.99000000,37655.43000000,34.47910900
1623981899999,37655.42000000,37655.42000000,37572.27000000,37626.97000000,42.85013900
1623982199999,37632.99000000,37655.10000000,37333.80000000,37391.92000000,191.29669300
1623982499999,37391.91000000,37479.77000000,37374.05000000,37426.01000000,76.61816800
1623982799999,37426.01000000,37484.04000000,37300.00000000,37338.68000000,78.25639400
1623983099999,37333.32000000,37397.10000000,37223.00000000,37248.77000000,123.09792100
1623983399999,37248.76000000,37383.75000000,37241.61000000,37383.74000000,39.96487900
1623983699999,37383.75000000,37541.53000000,37345.86000000,37541.53000000,75.23281500
1623983999999,37541.53000000,37745.40000000,37525.67000000,37665.45000000,92.37786900
1623984299999,37668.49000000,37684.68000000,37598.14000000,37598.15000000,33.78512800
1623984599999,37598.15000000,37911.56000000,37598.14000000,37848.56000000,103.34265700
1623984899999,37848.56000000,37900.00000000,37817.46000000,37851.00000000,28.55240300
1623985199999,37853.66000000,37853.66000000,37780.00000000,37782.87000000,26.15960200
1623985499999,37782.87000000,37882.90000000,37750.42000000,37816.54000000,94.18512700
1623985799999,37820.94000000,37979.15000000,37801.32000000,37925.35000000,93.84230000
1623986099999,37925.35000000,37939.70000000,37860.13000000,37873.60000000,58.65021300
1623986399999,37873.60000000,37907.72000000,37838.06000000,37898.83000000,23.70559300
1623986699999,37898.83000000,37932.94000000,37815.37000000,37841.16000000,38.84575200
1623986999999,37844.55000000,37931.78000000,37844.55000000,37894.65000000,40.36913400
1623987299999,37894.64000000,37896.67000000,37832.54000000,37834.21000000,20.13284300
1623987599999,37834.21000000,37877.29000000,37791.69000000,37791.96000000,35.61646200
1623987899999,37791.96000000,37902.53000000,37777.66000000,37888.87000000,45.92090800
1623988199999,37888.88000000,38037.80000000,37888.88000000,37904.97000000,97.87386900
1623988499999,37904.97000000,37945.00000000,37882.17000000,37944.81000000,24.23023700
1623988799999,37944.81000000,37944.98000000,37875.32000000,37927.33000000,22.96259800
1623989099999,37927.38000000,37977.00000000,37894.49000000,37894.50000000,43.14292100
1623989399999,37892.26000000,37924.83000000,37837.24000000,37860.26000000,64.62358600
1623989699999,37860.26000000,37869.68000000,37808.50000000,37836.33000000,37.40123000
1623989999999,37836.32000000,37872.46000000,37800.18000000,37856.89000000,21.14577300
1623990299999,37855.83000000,37958.08000000,37836.32000000,37902.70000000,46.54939700
1623990599999,37902.70000000,37945.34000000,37887.81000000,37908.75000000,18.89768500
1623990899999,37908.44000000,37964.72000000,37883.29000000,37955.95000000,24.80708200
1623991199999,37955.95000000,38128.00000000,37944.96000000,38065.30000000,70.73107900
1623991499999,38065.29000000,38069.47000000,38019.33000000,38052.24000000,22.90167300
1623991799999,38052.24000000,38052.24000000,37977.28000000,37991.23000000,22.11434000
1623992099999,37998.15000000,38041.89000000,37988.65000000,38026.49000000,26.71035300
1623992399999,38026.49000000,38041.16000000,37914.59000000,37926.94000000,63.19166600
1623992699999,37926.95000000,37978.14000000,37834.53000000,37852.65000000,32.62051200
1623992999999,37852.66000000,37892.25000000,37833.59000000,37890.67000000,25.54431200
1623993299999,37890.67000000,37912.27000000,37868.34000000,37878.60000000,19.55643600
1623993599999,37885.56000000,38000.00000000,37865.04000000,37978.17000000,44.96454400
1623993899999,37978.17000000,37989.99000000,37945.54000000,37946.44000000,22.32771200
1623994199999,37946.45000000,38006.01000000,37946.45000000,37957.29000000,40.32415100
1623994499999,37957.28000000,38010.18000000,37957.28000000,38006.88000000,23.75165000
1623994799999,38006.88000000,38099.01000000,37996.99000000,38014.37000000,42.01844500
1623995099999,38014.37000000,38037.02000000,37955.38000000,37978.13000000,29.31767100
1623995399999,37978.13000000,37978.13000000,37764.26000000,37787.26000000,91.01638100
1623995699999,37784.75000000,37822.15000000,37550.04000000,37631.60000000,170.21479900
1623995999999,37629.25000000,37663.54000000,37517.39000000,37613.05000000,97.99571000
1623996299999,37613.04000000,37656.23000000,37534.70000000,37583.33000000,73.53441500
1623996599999,37587.26000000,37655.34000000,37562.53000000,37619.62000000,49.40665000
1623996899999,37619.62000000,37666.75000000,37619.62000000,37653.99000000,60.45971700
1623997199999,37653.99000000,37736.96000000,37570.99000000,37597.20000000,65.35535100
1623997499999,37597.20000000,37597.20000000,37468.06000000,37532.97000000,107.08718900
1623997799999,37534.52000000,37577.88000000,37499.95000000,37560.00000000,51.99781100
1623998099999,37559.99000000,37573.80000000,37485.16000000,37551.42000000,78.24376900
1623998399999,37551.42000000,37622.73000000,37547.00000000,37568.99000000,45.66125500
1623998699999,37568.98000000,37632.65000000,37568.98000000,37614.80000000,35.31901100
1623998999999,37614.80000000,37634.99000000,37452.20000000,37502.72000000,59.22941600
1623999299999,37502.72000000,37536.98000000,37383.02000000,37390.30000000,61.35565400
1623999599999,37391.06000000,37489.33000000,37387.37000000,37450.00000000,42.48311000
1623999899999,37450.00000000,37625.21000000,37449.99000000,37574.72000000,71.89742300
1624000199999,37574.72000000,37694.30000000,37519.62000000,37624.68000000,52.04321200
1624000499999,37624.56000000,37711.40000000,37623.41000000,37680.22000000,36.66613300
1624000799999,37681.67000000,37784.53000000,37649.74000000,37737.47000000,44.89251400
1624001099999,37737.47000000,37750.01000000,37688.00000000,37704.59000000,25.97184700
1624001399999,37704.60000000,37742.62000000,37654.91000000,37713.70000000,64.68581600
1624001699999,37706.20000000,37760.00000000,37610.76000000,37735.51000000,68.50774800
1624001999999,37730.87000000,37784.56000000,37719.98000000,37759.17000000,39.59520900
1624002299999,37759.17000000,37821.31000000,37741.26000000,37795.16000000,44.34987700
1624002599999,37794.09000000,37808.00000000,37697.32000000,37744.86000000,44.21621600
1624002899999,37744.85000000,37758.01000000,37700.00000000,37740.23000000,32.21793400
1624003199999,37740.22000000,37743.97000000,37677.94000000,37713.35000000,38.23507400
1624003499999,37711.35000000,37747.36000000,37569.62000000,37625.01000000,65.65023300
1624003799999,37625.02000000,37886.50000000,37625.02000000,37864.43000000,133.29387500
1624004099999,37859.43000000,37877.74000000,37807.59000000,37808.67000000,45.23633700
1624004399999,37812.95000000,37903.78000000,37802.44000000,37814.73000000,60.03161900
1624004699999,37815.14000000,37921.45000000,37815.14000000,37893.97000000,42.50980600
1624004999999,37893.41000000,37930.98000000,37870.94000000,37911.12000000,48.81919600
1624005299999,37910.38000000,37962.65000000,37868.80000000,37868.80000000,58.30235700
1624005599999,37868.80000000,37928.43000000,37866.71000000,37920.61000000,31.75071900
1624005899999,37920.61000000,37932.99000000,37866.10000000,37869.75000000,22.80579400
1624006199999,37869.76000000,37909.46000000,37815.01000000,37830.08000000,32.13937200
1624006499999,37830.18000000,37968.50000000,37830.18000000,37900.00000000,35.18635300
1624006799999,37900.00000000,37920.79000000,37855.30000000,37883.01000000,28.08053300
1624007099999,37883.16000000,37924.55000000,37729.53000000,37772.67000000,55.05869700
1624007399999,37772.68000000,37812.78000000,37700.01000000,37779.48000000,66.45790800
1624007699999,37779.47000000,37870.09000000,37779.47000000,37834.65000000,52.52154100
1624007999999,37833.24000000,37856.35000000,37658.23000000,37677.83000000,52.01226800
1624008299999,37684.82000000,37762.21000000,37600.55000000,37760.00000000,93.12756800
1624008599999,37760.00000000,37760.00000000,37650.00000000,37672.44000000,62.39406700
1624008899999,37676.65000000,37742.62000000,37663.13000000,37700.76000000,23.15737300
1624009199999,37700.76000000,37702.83000000,37590.01000000,37612.83000000,43.66676400
1624009499999,37612.83000000,37636.94000000,37510.00000000,37581.59000000,86.66542100
1624009799999,37581.59000000,37661.74000000,37570.77000000,37648.99000000,50.23228800
1624010099999,37645.83000000,37649.99000000,37452.00000000,37508.86000000,84.77770700
1624010399999,37517.94000000,37560.21000000,37455.79000000,37514.47000000,83.06502100
1624010699999,37518.01000000,37520.96000000,37330.08000000,37396.96000000,200.23460600
1624010999999,37396.96000000,37444.38000000,37259.90000000,37319.66000000,106.86635700
1624011299999,37319.68000000,37400.81000000,37293.90000000,37331.37000000,69.90786200
1624011599999,37333.86000000,37400.00000000,37070.65000000,37118.75000000,230.71918600
1624011899999,37120.30000000,37404.75000000,37071.70000000,37404.75000000,176.62580900
1624012199999,37405.85000000,37680.00000000,37405.85000000,37587.02000000,302.84962600
1624012499999,37588.26000000,37799.11000000,37584.90000000,37699.21000000,126.89237900
1624012799999,37699.20000000,37750.00000000,37645.35000000,37692.42000000,106.83405400
1624013099999,37692.41000000,37817.78000000,37692.41000000,37789.72000000,120.17097800
1624013399999,37789.72000000,37819.28000000,37710.48000000,37753.54000000,90.67197800
1624013699999,37756.93000000,37780.00000000,37709.99000000,37750.01000000,74.58320700
1624013999999,37750.01000000,37875.67000000,37750.00000000,37843.48000000,117.33098100
1624014299999,37843.48000000,38018.32000000,37811.81000000,37936.30000000,136.40189700
1624014599999,37936.05000000,37967.07000000,37855.92000000,37855.92000000,46.15285100
1624014899999,37855.91000000,37948.96000000,37855.91000000,37942.47000000,87.66634300
1624015199999,37943.04000000,37960.50000000,37870.00000000,37870.01000000,56.91090900
1624015499999,37870.00000000,37890.00000000,37769.63000000,37802.91000000,81.76185100
1624015799999,37802.92000000,37844.00000000,37767.94000000,37784.42000000,25.45971100
1624016099999,37784.41000000,37821.96000000,37670.05000000,37690.01000000,58.99775300
1624016399999,37693.22000000,37756.47000000,37675.23000000,37732.33000000,62.58136700
1624016699999,37732.33000000,37880.92000000,37732.32000000,37838.57000000,65.69658000
1624016999999,37842.40000000,37947.31000000,37842.40000000,37936.93000000,59.65379700
1624017299999,37942.71000000,37960.53000000,37769.26000000,37841.39000000,69.53213400
1624017599999,37841.42000000,37875.94000000,37783.01000000,37828.04000000,22.25354700
1624017899999,37828.03000000,37950.00000000,37701.09000000,37735.13000000,102.55156300
1624018199999,37734.26000000,37750.00000000,37635.08000000,37713.35000000,58.82013700
1624018499999,37713.35000000,37716.33000000,37532.11000000,37558.15000000,97.91265000
1624018799999,37558.15000000,37587.94000000,37452.06000000,37521.12000000,94.68073500
1624019099999,37527.07000000,37673.08000000,37436.89000000,37630.81000000,62.98897700
1624019399999,37627.46000000,37627.46000000,37368.89000000,37481.57000000,107.66488900
1624019699999,37481.57000000,37551.02000000,37427.83000000,37486.09000000,62.23278800
1624019999999,37485.25000000,37564.50000000,37417.39000000,37518.48000000,67.15312000
1624020299999,37518.47000000,37518.47000000,37310.00000000,37329.38000000,127.11111700
1624020599999,37329.37000000,37428.27000000,37315.40000000,37414.01000000,60.93121100
1624020899999,37414.01000000,37496.51000000,37383.01000000,37385.41000000,57.88228200
1624021199999,37388.19000000,37455.68000000,37370.00000000,37437.45000000,52.78106100
1624021499999,37438.62000000,37584.02000000,37438.62000000,37575.51000000,117.71687900
1624021799999,37576.28000000,37643.71000000,37371.43000000,37378.53000000,93.03072400
1624022099999,37378.53000000,37423.47000000,37129.48000000,37173.63000000,217.96335200
1624022399999,37171.75000000,37284.37000000,37066.66000000,37150.00000000,299.32569100
1624022699999,37149.99000000,37232.86000000,37063.39000000,37063.39000000,162.88405300
1624022999999,37063.39000000,37254.45000000,37024.73000000,37173.36000000,139.98832600
1624023299999,37180.89000000,37255.73000000,37150.00000000,37170.30000000,82.61314000
1624023599999,37168.05000000,37220.53000000,37089.39000000,37110.38000000,72.73656100
1624023899999,37110.38000000,37161.02000000,37036.04000000,37142.76000000,83.65111900
1624024199999,37142.78000000,37278.17000000,37142.78000000,37270.15000000,90.28029000
1624024499999,37268.82000000,37268.83000000,37100.10000000,37161.76000000,97.30325100
1624024799999,37161.75000000,37225.35000000,37151.24000000,37205.09000000,53.77755000
1624025099999,37205.53000000,37299.52000000,37140.01000000,37155.81000000,66.93570400
1624025399999,37158.11000000,37192.12000000,36800.00000000,36895.43000000,279.35695700
1624025699999,36895.08000000,36915.56000000,36653.44000000,36695.88000000,431.26145300
1624025999999,36699.99000000,36779.16000000,36535.32000000,36720.00000000,819.87690300
1624026299999,36726.38000000,36798.15000000,36688.88000000,36796.65000000,87.60578700
1624026599999,36795.26000000,36796.67000000,36712.65000000,36780.08000000,76.66857800
1624026899999,36780.07000000,36800.00000000,36661.26000000,36794.17000000,96.69253900
1624027199999,36790.01000000,36899.00000000,36781.97000000,36843.30000000,90.17964400
1624027499999,36843.30000000,36843.30000000,36619.77000000,36650.93000000,177.52740300
1624027799999,36651.02000000,36729.95000000,36651.02000000,36711.51000000,107.67316000
1624028099999,36711.52000000,36759.68000000,36681.62000000,36706.82000000,56.18850500
1624028399999,36704.27000000,36734.58000000,36512.20000000,36677.07000000,106.50490900
1624028699999,36680.25000000,36795.67000000,36611.43000000,36781.00000000,111.76174600
1624028999999,36781.00000000,36838.38000000,36638.00000000,36651.97000000,100.31993500
1624029299999,36660.35000000,36733.99000000,36637.04000000,36674.02000000,42.30325700
1624029599999,36674.02000000,36730.00000000,36620.46000000,36621.38000000,51.51326000
1624029899999,36622.01000000,36670.44000000,36582.34000000,36592.76000000,59.23901700
1624030199999,36591.27000000,36612.71000000,36371.21000000,36470.98000000,248.99308500
1624030499999,36473.57000000,36572.86000000,36402.49000000,36524.78000000,83.78597600
1624030799999,36523.00000000,36550.99000000,36444.44000000,36494.55000000,62.01033000
1624031099999,36494.55000000,36515.38000000,36441.79000000,36514.89000000,35.20058300
1624031399999,36514.89000000,36574.15000000,36338.90000000,36419.35000000,139.57675800
1624031699999,36418.85000000,36500.64000000,36328.42000000,36409.43000000,107.66584100
1624031999999,36409.43000000,36470.05000000,36345.78000000,36363.33000000,152.15508100
1624032299999,36368.18000000,36603.06000000,36266.66000000,36427.62000000,379.51487200
1624032599999,36428.66000000,36500.00000000,36259.90000000,36423.22000000,95.55766700
1624032899999,36420.77000000,36466.62000000,36363.44000000,36431.95000000,67.03421800
1624033199999,36435.39000000,36499.48000000,36403.68000000,36404.59000000,45.32918100
1624033499999,36404.59000000,36534.85000000,36387.76000000,36506.05000000,75.85912000
1624033799999,36509.19000000,36594.18000000,36480.14000000,36590.01000000,71.37150600
1624034099999,36590.01000000,36741.84000000,36540.00000000,36686.78000000,230.34585200
1624034399999,36686.78000000,36693.68000000,36541.44000000,36547.79000000,52.14488400
1624034699999,36547.79000000,36640.64000000,36545.08000000,36631.69000000,38.11698700
1624034999999,36631.69000000,36639.53000000,36588.25000000,36618.65000000,63.82572500
1624035299999,36618.65000000,36700.94000000,36600.29000000,36639.92000000,122.21587600
1624035599999,36641.96000000,36663.90000000,36583.01000000,36605.08000000,48.99290800
1624035899999,36605.08000000,36624.82000000,36411.58000000,36430.58000000,110.65872200
1624036199999,36429.14000000,36535.00000000,36400.76000000,36535.00000000,53.84747200
1624036499999,36534.99000000,36534.99000000,36400.76000000,36422.01000000,77.53213000
1624036799999,36421.90000000,36454.52000000,36366.75000000,36405.78000000,47.95281400
1624037099999,36412.28000000,36488.28000000,36400.00000000,36414.91000000,31.53099700
1624037399999,36413.09000000,36488.71000000,36413.09000000,36423.09000000,52.31161900
1624037699999,36423.09000000,36485.05000000,36390.69000000,36390.69000000,36.32839000
1624037999999,36390.68000000,36390.68000000,36230.39000000,36275.58000000,132.62865100
1624038299999,36275.55000000,36374.53000000,36201.93000000,36335.66000000,107.78934900
1624038599999,36335.94000000,36441.81000000,36335.94000000,36391.12000000,59.57706800
1624038899999,36391.13000000,36406.58000000,36291.86000000,36304.64000000,41.79803800
1624039199999,36308.10000000,36342.64000000,36219.50000000,36224.46000000,72.02342300
1624039499999,36227.85000000,36367.06000000,36201.49000000,36335.14000000,66.10233800
1624039799999,36333.76000000,36369.00000000,36282.45000000,36288.00000000,49.36047000
1624040099999,36287.96000000,36292.67000000,36136.00000000,36136.65000000,125.35223700
1624040399999,36137.93000000,36270.83000000,36110.00000000,36182.82000000,104.27127400
1624040699999,36179.53000000,36212.68000000,36074.36000000,36135.56000000,115.10049000
1624040999999,36133.31000000,36155.02000000,35640.00000000,35724.24000000,504.55484800
1624041299999,35724.24000000,35864.95000000,35672.49000000,35791.43000000,167.48544700
1624041599999,35795.38000000,35825.00000000,35416.25000000,35479.24000000,331.17815500
1624041899999,35477.91000000,35589.56000000,35350.00000000,35509.61000000,201.72047000
1624042199999,35507.93000000,35647.95000000,35387.68000000,35492.87000000,167.69216800
1624042499999,35492.87000000,35555.04000000,35181.78000000,35256.07000000,216.00692900
1624042799999,35256.09000000,35311.60000000,35145.90000000,35292.97000000,168.40566500
1624043099999,35292.96000000,35498.91000000,35250.00000000,35410.63000000,113.12818100
1624043399999,35410.63000000,35495.26000000,35355.88000000,35406.29000000,91.58616800
1624043699999,35406.33000000,35458.51000000,35204.42000000,35338.69000000,120.25729000
1624043999999,35343.33000000,35600.00000000,35342.61000000,35501.29000000,208.10420700
1624044299999,35501.29000000,35530.34000000,35414.63000000,35430.42000000,53.35740400
1624044599999,35424.04000000,35569.50000000,35402.69000000,35484.60000000,125.63391200
1624044899999,35484.61000000,35558.19000000,35463.08000000,35527.82000000,78.93318200
1624045199999,35527.82000000,35544.28000000,35420.00000000,35463.14000000,156.18706400
1624045499999,35461.42000000,35521.33000000,35434.20000000,35511.00000000,33.34755100
1624045799999,35511.00000000,35511.00000000,35383.46000000,35419.46000000,50.01271400
1624046099999,35419.38000000,35496.77000000,35391.24000000,35394.48000000,33.89809700
1624046399999,35394.49000000,35454.15000000,35306.12000000,35336.20000000,76.62867500
1624046699999,35336.21000000,35610.25000000,35250.00000000,35610.24000000,109.08247700
1624046999999,35606.68000000,35680.73000000,35551.44000000,35664.02000000,130.79375700
1624047299999,35659.31000000,35674.41000000,35581.85000000,35642.57000000,91.28141000
1624047599999,35642.58000000,35792.20000000,35642.57000000,35792.20000000,109.19440500
1624047899999,35792.20000000,35871.77000000,35773.37000000,35849.27000000,120.28215500
1624048199999,35849.28000000,35849.30000000,35713.68000000,35729.67000000,82.64211400
1624048499999,35729.09000000,35734.28000000,35573.65000000,35574.03000000,94.09577900
1624048799999,35574.03000000,35574.03000000,35366.84000000,35447.10000000,136.97989300
1624049099999,35454.56000000,35523.93000000,35430.00000000,35448.83000000,41.51987800
1624049399999,35448.83000000,35463.81000000,35390.91000000,35434.18000000,31.58846600
1624049699999,35434.18000000,35479.33000000,35420.00000000,35442.73000000,54.48234000
1624049999999,35442.72000000,35520.01000000,35439.50000000,35517.90000000,77.42675600
1624050299999,35517.90000000,35696.02000000,35473.03000000,35696.02000000,105.33252600
1624050599999,35696.02000000,35749.05000000,35573.62000000,35619.70000000,95.61465800
1624050899999,35619.71000000,35620.24000000,35561.41000000,35615.77000000,31.43212200
1624051199999,35619.19000000,35647.66000000,35462.85000000,35486.90000000,61.06723800
1624051499999,35486.91000000,35530.60000000,35433.00000000,35433.00000000,33.55837800
1624051799999,35433.00000000,35500.00000000,35392.04000000,35489.65000000,117.84310500
1624052099999,35489.64000000,35567.81000000,35450.44000000,35513.32000000,57.87922700
1624052399999,35514.94000000,35589.95000000,35498.24000000,35551.58000000,29.24398500
1624052699999,35551.58000000,35660.67000000,35498.73000000,35645.33000000,41.58772200
1624052999999,35645.48000000,35714.28000000,35571.43000000,35599.67000000,51.90932500
1624053299999,35599.68000000,35645.62000000,35572.85000000,35634.27000000,20.33026200
1624053599999,35634.27000000,35688.85000000,35602.89000000,35668.18000000,49.29603400
1624053899999,35672.48000000,35679.97000000,35580.00000000,35580.00000000,35.37267600
1624054199999,35580.01000000,35581.08000000,35498.80000000,35512.67000000,64.20385000
1624054499999,35509.99000000,35539.63000000,35456.92000000,35491.01000000,41.34432600
1624054799999,35486.62000000,35550.21000000,35484.59000000,35524.25000000,41.28605700
1624055099999,35524.25000000,35543.16000000,35441.43000000,35447.49000000,44.93379200
1624055399999,35449.27000000,35477.47000000,35400.99000000,35458.99000000,55.68312200
1624055699999,35458.99000000,35462.68000000,35357.15000000,35450.34000000,70.52734100
1624055999999,35449.38000000,35497.91000000,35416.56000000,35435.65000000,55.06811300
1624056299999,35435.64000000,35515.25000000,35419.73000000,35488.45000000,44.35734400
1624056599999,35488.45000000,35500.00000000,35419.96000000,35448.41000000,53.59280400
1624056899999,35448.41000000,35574.74000000,35440.87000000,35568.30000000,23.78759400
1624057199999,35568.30000000,35645.00000000,35548.78000000,35636.47000000,58.28406800
1624057499999,35636.47000000,35636.47000000,35531.49000000,35531.49000000,77.06764800
1624057799999,35531.49000000,35547.48000000,35470.00000000,35475.75000000,49.75622800
1624058099999,35475.74000000,35559.68000000,35460.00000000,35485.00000000,49.27482200
1624058399999,35485.00000000,35492.20000000,35427.95000000,35433.69000000,50.27180800
1624058699999,35437.61000000,35585.64000000,35410.45000000,35555.74000000,74.47689400
1624058999999,35555.74000000,35710.48000000,35518.96000000,35673.46000000,113.14254800
1624059299999,35675.00000000,35909.09000000,35640.01000000,35865.32000000,128.19549500
1624059599999,35865.31000000,35944.45000000,35832.72000000,35940.56000000,78.80985000
1624059899999,35941.65000000,35947.42000000,35840.21000000,35843.00000000,40.85515600
1624060199999,35843.00000000,35864.47000000,35756.37000000,35756.37000000,39.08401300
1624060499999,35756.37000000,35760.62000000,35590.01000000,35651.12000000,47.57208900
1624060799999,35651.12000000,35835.00000000,35613.10000000,35834.92000000,74.40543200
1624061099999,35834.92000000,35834.92000000,35655.91000000,35742.48000000,122.74861800
1624061399999,35744.92000000,35861.08000000,35726.99000000,35839.42000000,51.23005200
1624061699999,35839.41000000,35945.00000000,35788.11000000,35934.88000000,51.65797300
1624061999999,35929.53000000,35938.15000000,35797.93000000,35850.64000000,52.80869300
1624062299999,35850.64000000,35850.64000000,35770.83000000,35772.63000000,42.46192000
1624062599999,35775.62000000,35851.56000000,35768.62000000,35836.66000000,38.82933000
1624062899999,35838.71000000,35861.56000000,35745.38000000,35800.01000000,34.13251500
1624063199999,35800.00000000,35888.53000000,35775.53000000,35837.01000000,41.53600100
1624063499999,35842.15000000,35855.60000000,35782.37000000,35790.12000000,32.41015200
1624063799999,35790.12000000,35844.99000000,35760.00000000,35766.70000000,32.45676100
1624064099999,35770.29000000,35770.29000000,35674.13000000,35706.59000000,34.72647700
1624064399999,35706.60000000,35770.00000000,35668.57000000,35757.82000000,56.61435700
1624064699999,35760.76000000,35967.63000000,35728.16000000,35957.00000000,114.49856700
1624064999999,35957.00000000,35999.97000000,35926.33000000,35980.01000000,97.99327600
1624065299999,35978.21000000,36196.93000000,35959.19000000,36184.40000000,305.43467000
1624065599999,36186.20000000,36304.76000000,36134.84000000,36299.99000000,111.91812100
1624065899999,36299.99000000,36300.00000000,36242.79000000,36285.07000000,54.09825100
1624066199999,36282.81000000,36282.81000000,36121.33000000,36129.19000000,55.04045700
1624066499999,36129.18000000,36194.26000000,36108.97000000,36161.53000000,33.83781100
1624066799999,36161.52000000,36161.53000000,36072.33000000,36097.27000000,26.33145600
1624067099999,36099.99000000,36110.62000000,36013.48000000,36051.92000000,51.78689000
1624067399999,36054.89000000,36125.00000000,36049.68000000,36125.00000000,35.05772400
1624067699999,36125.00000000,36211.12000000,36106.98000000,36175.60000000,88.17807100
1624067999999,36175.60000000,36175.61000000,36109.11000000,36122.00000000,31.91981300
1624068299999,36122.00000000,36240.00000000,36084.20000000,36084.21000000,68.71618000
1624068599999,36084.21000000,36139.68000000,36052.01000000,36053.45000000,35.35994800
1624068899999,36053.45000000,36083.99000000,36037.77000000,36057.65000000,24.04986000
1624069199999,36057.64000000,36065.80000000,35924.46000000,35948.70000000,104.69773700
1624069499999,35950.69000000,35951.65000000,35897.95000000,35928.41000000,38.23559300
1624069799999,35922.52000000,35980.66000000,35921.73000000,35956.62000000,27.20126800
1624070099999,35952.00000000,35969.48000000,35651.08000000,35688.16000000,201.89694100
1624070399999,35685.86000000,35686.05000000,35551.68000000,35600.68000000,117.38361900
1624070699999,35600.68000000,35672.74000000,35547.94000000,35613.02000000,41.15692800
1624070999999,35613.30000000,35679.25000000,35469.83000000,35480.59000000,148.68896100
1624071299999,35479.28000000,35572.84000000,35442.72000000,35493.92000000,71.95753500
1624071599999,35490.01000000,35513.99000000,35471.51000000,35513.02000000,21.86174300
1624071899999,35511.75000000,35578.21000000,35370.38000000,35445.13000000,133.16580200
1624072199999,35442.36000000,35448.11000000,35340.00000000,35414.02000000,99.37700300
1624072499999,35414.01000000,35451.24000000,35348.81000000,35418.32000000,88.75188900
1624072799999,35418.32000000,35458.57000000,35358.93000000,35432.88000000,34.64767300
1624073099999,35432.88000000,35437.63000000,35318.73000000,35368.92000000,57.39752600
1624073399999,35368.92000000,35395.90000000,34821.14000000,35012.53000000,621.74656600
1624073699999,35016.03000000,35296.22000000,34923.02000000,35257.09000000,195.15477200
1624073999999,35257.10000000,35339.50000000,35145.19000000,35184.89000000,89.31093600
1624074299999,35182.72000000,35254.87000000,34950.37000000,35033.00000000,217.20032700
1624074599999,35036.59000000,35126.72000000,34855.00000000,34986.17000000,143.76907900
1624074899999,34986.17000000,35104.31000000,34883.36000000,35049.10000000,112.10984100
1624075199999,35044.63000000,35171.41000000,34978.10000000,35114.56000000,65.98261200
1624075499999,35114.56000000,35232.42000000,35077.31000000,35080.01000000,111.73731500
1624075799999,35080.01000000,35166.76000000,35035.65000000,35144.05000000,104.18168600
1624076099999,35149.86000000,35149.86000000,35017.71000000,35045.10000000,81.57675300
1624076399999,35047.18000000,35059.18000000,34939.13000000,34972.21000000,86.63065500
1624076699999,34975.21000000,35087.00000000,34966.87000000,35048.69000000,159.15195500
1624076999999,35048.70000000,35290.97000000,35037.03000000,35274.36000000,112.21710800
1624077299999,35274.12000000,35577.32000000,35269.10000000,35406.71000000,337.58421200
1624077599999,35406.83000000,35406.84000000,35125.00000000,35210.73000000,140.88188400
1624077899999,35210.72000000,35287.49000000,35174.04000000,35270.87000000,50.48353200
1624078199999,35267.81000000,35272.45000000,35102.52000000,35104.02000000,57.02167100
1624078499999,35105.16000000,35177.54000000,35012.94000000,35167.49000000,68.51625800
1624078799999,35160.49000000,35225.42000000,35098.34000000,35199.17000000,47.61326500
1624079099999,35205.10000000,35350.78000000,35205.10000000,35326.52000000,110.34891900
1624079399999,35326.52000000,35386.93000000,35258.65000000,35358.85000000,55.50837500
1624079699999,35358.84000000,35403.51000000,35287.96000000,35403.50000000,45.06080300
1624079999999,35403.54000000,35406.52000000,35320.17000000,35384.48000000,25.84500300
1624080299999,35388.46000000,35477.03000000,35377.83000000,35463.25000000,40.59749100
1624080599999,35463.25000000,35498.23000000,35379.67000000,35411.30000000,62.66230800
1624080899999,35413.24000000,35578.01000000,35407.15000000,35556.99000000,121.17437400
1624081199999,35557.00000000,35560.00000000,35500.00000000,35526.47000000,38.72361800
1624081499999,35526.46000000,35559.99000000,35405.40000000,35405.41000000,59.98219500
1624081799999,35411.70000000,35478.80000000,35361.71000000,35373.35000000,41.73415400
1624082099999,35370.36000000,35437.97000000,35305.29000000,35386.54000000,58.26030500
1624082399999,35386.54000000,35571.42000000,35386.54000000,35538.01000000,113.15214700
1624082699999,35532.11000000,35689.84000000,35466.55000000,35597.96000000,116.61648900
1624082999999,35597.96000000,35680.52000000,35581.90000000,35632.12000000,85.30910000
1624083299999,35632.63000000,35650.60000000,35572.71000000,35572.71000000,42.13124900
1624083599999,35571.42000000,35653.05000000,35532.41000000,35532.42000000,47.85062700
1624083899999,35536.82000000,35612.23000000,35520.81000000,35558.57000000,63.28473700
1624084199999,35553.32000000,35657.20000000,35553.32000000,35611.57000000,35.51813100
1624084499999,35611.52000000,35775.00000000,35604.00000000,35656.51000000,144.33125500
1624084799999,35656.51000000,35730.00000000,35633.02000000,35698.88000000,68.26286900
1624085099999,35698.88000000,35833.00000000,35694.81000000,35717.75000000,140.41619500
1624085399999,35717.75000000,35753.62000000,35671.81000000,35671.81000000,77.79452000
1624085699999,35675.37000000,35700.00000000,35627.50000000,35677.81000000,90.52421900
1624085999999,35679.21000000,35874.11000000,35662.08000000,35791.89000000,143.40145300
1624086299999,35791.89000000,35849.95000000,35729.28000000,35736.83000000,112.02811700
1624086599999,35736.83000000,35780.00000000,35687.39000000,35693.58000000,65.57196700
1624086899999,35698.14000000,35729.22000000,35645.50000000,35659.90000000,53.46319500
1624087199999,35659.90000000,35680.88000000,35512.06000000,35546.56000000,100.39190200
1624087499999,35550.66000000,35603.90000000,35457.11000000,35491.92000000,66.34875000
1624087799999,35494.72000000,35547.44000000,35491.29000000,35517.35000000,86.55966600
1624088099999,35518.81000000,35647.62000000,35518.81000000,35593.61000000,56.83253500
1624088399999,35593.65000000,35747.30000000,35593.65000000,35700.02000000,34.79487300
1624088699999,35701.85000000,35777.45000000,35673.46000000,35741.21000000,73.30471000
1624088999999,35739.99000000,35815.16000000,35736.08000000,35737.44000000,48.39831200
1624089299999,35736.81000000,35742.47000000,35635.95000000,35741.20000000,57.28096300
1624089599999,35741.20000000,35810.26000000,35741.19000000,35802.42000000,41.12538000
1624089899999,35802.02000000,35809.93000000,35681.74000000,35727.44000000,63.51989200
1624090199999,35730.90000000,35838.72000000,35646.03000000,35662.52000000,140.05453900
1624090499999,35662.52000000,35688.00000000,35601.01000000,35626.44000000,89.07571000
1624090799999,35626.44000000,35752.01000000,35605.55000000,35742.89000000,76.41361000
1624091099999,35742.89000000,35765.30000000,35681.17000000,35709.44000000,36.79721100
1624091399999,35707.85000000,35742.46000000,35705.81000000,35740.03000000,28.38464000
1624091699999,35740.36000000,35963.69000000,35740.36000000,35879.30000000,173.21149100
1624091999999,35879.31000000,35883.78000000,35800.01000000,35824.67000000,52.76195300
1624092299999,35824.69000000,35963.74000000,35824.69000000,35912.94000000,83.57282800
1624092599999,35914.62000000,35928.81000000,35852.24000000,35880.84000000,55.03283200
1624092899999,35886.89000000,35895.85000000,35832.12000000,35848.52000000,42.27203600
1624093199999,35857.14000000,35867.98000000,35797.61000000,35809.30000000,36.99824300
1624093499999,35810.55000000,35850.97000000,35790.01000000,35795.75000000,50.32036000
1624093799999,35797.95000000,35929.42000000,35790.62000000,35895.40000000,78.79131300
1624094099999,35895.39000000,35916.01000000,35809.11000000,35820.60000000,59.58750500
1624094399999,35820.59000000,35830.00000000,35720.44000000,35755.09000000,106.58522600
1624094699999,35755.10000000,35762.59000000,35710.25000000,35732.37000000,55.83918700
1624094999999,35731.89000000,35784.27000000,35709.45000000,35716.15000000,52.54571900
1624095299999,35712.52000000,35760.81000000,35704.15000000,35734.70000000,20.45366400
1624095599999,35741.37000000,35841.88000000,35737.93000000,35841.88000000,33.41835300
1624095899999,35841.88000000,35896.55000000,35766.00000000,35766.01000000,69.53187500
1624096199999,35766.00000000,35821.71000000,35631.37000000,35646.31000000,77.80853800
1624096499999,35646.27000000,35682.85000000,35586.06000000,35606.66000000,63.14843100
1624096799999,35606.66000000,35670.00000000,35582.41000000,35665.63000000,45.15231000
1624097099999,35665.63000000,35709.40000000,35587.86000000,35590.70000000,43.55175700
1624097399999,35598.90000000,35665.69000000,35586.19000000,35652.25000000,46.89197000
1624097699999,35652.04000000,35700.00000000,35630.61000000,35650.01000000,46.35971200
1624097999999,35656.66000000,35659.92000000,35579.44000000,35584.09000000,31.78240400
1624098299999,35581.44000000,35653.05000000,35567.81000000,35624.50000000,48.93953200
1624098599999,35624.50000000,35762.49000000,35624.50000000,35747.91000000,48.81351600
1624098899999,35747.91000000,35904.51000000,35695.59000000,35695.59000000,133.14241500
1624099199999,35693.88000000,35807.42000000,35620.00000000,35799.45000000,140.75444300
1624099499999,35799.45000000,35833.12000000,35742.86000000,35782.02000000,39.64321100
1624099799999,35785.61000000,35863.70000000,35785.61000000,35857.90000000,59.52914900
1624100099999,35861.86000000,35891.92000000,35776.46000000,35784.10000000,41.13981800
1624100399999,35784.11000000,35784.11000000,35695.49000000,35708.47000000,82.82336800
1624100699999,35712.17000000,35840.22000000,35712.17000000,35808.48000000,51.20082100
1624100999999,35809.02000000,35840.00000000,35758.77000000,35819.81000000,35.30309700
1624101299999,35819.82000000,35913.06000000,35819.82000000,35913.06000000,56.67979700
1624101599999,35913.07000000,35923.58000000,35810.00000000,35819.70000000,103.14852600
1624101899999,35819.71000000,35874.43000000,35819.71000000,35859.06000000,24.36265600
1624102199999,35859.06000000,35926.98000000,35857.36000000,35926.98000000,33.87341600
1624102499999,35926.99000000,36010.41000000,35880.68000000,35881.28000000,190.91534600
1624102799999,35881.28000000,35902.04000000,35830.16000000,35830.25000000,37.27212700
1624103099999,35830.93000000,35881.03000000,35830.16000000,35852.61000000,52.90172600
1624103399999,35856.22000000,35961.50000000,35835.39000000,35935.97000000,81.08937800
1624103699999,35936.10000000,35952.23000000,35911.22000000,35920.34000000,57.43871300
1624103999999,35918.93000000,35980.68000000,35916.65000000,35951.69000000,55.11406500
1624104299999,35951.70000000,36020.00000000,35830.25000000,35983.03000000,218.91094200
1624104599999,35983.04000000,36200.00000000,35983.04000000,36140.31000000,293.68825200
1624104899999,36146.39000000,36250.00000000,36120.36000000,36211.29000000,121.83536900
1624105199999,36213.11000000,36464.12000000,36213.09000000,36344.04000000,299.18332600
1624105499999,36336.51000000,36350.44000000,36223.60000000,36251.24000000,106.09829200
1624105799999,36251.24000000,36267.38000000,36163.01000000,36177.46000000,68.79418000
1624106099999,36175.18000000,36233.01000000,36076.93000000,36098.47000000,123.92164700
1624106399999,36105.00000000,36159.05000000,36073.81000000,36086.70000000,71.42762300
1624106699999,36086.74000000,36094.12000000,35950.00000000,35971.30000000,126.62470100
1624106999999,35971.24000000,35994.42000000,35733.14000000,35789.88000000,185.64454300
1624107299999,35789.87000000,35789.87000000,35642.15000000,35716.46000000,117.88752800
1624107599999,35718.35000000,35767.34000000,35670.75000000,35756.19000000,64.14545900
1624107899999,35756.53000000,35804.18000000,35587.55000000,35587.55000000,106.57335900
1624108199999,35587.55000000,35693.14000000,35568.33000000,35693.14000000,66.21308000
1624108499999,35693.13000000,35855.90000000,35661.65000000,35737.96000000,127.43656700
1624108799999,35737.96000000,35872.34000000,35736.54000000,35802.66000000,56.74881700
1624109099999,35798.57000000,35820.26000000,35744.69000000,35783.94000000,105.50542000
1624109399999,35784.80000000,35873.18000000,35784.80000000,35868.81000000,60.37556600
1624109699999,35866.92000000,35918.44000000,35804.08000000,35837.60000000,34.48611300
1624109999999,35839.93000000,35884.90000000,35828.01000000,35839.53000000,27.28475100
1624110299999,35838.49000000,35864.28000000,35790.41000000,35798.91000000,34.84752700
1624110599999,35796.03000000,35865.09000000,35793.18000000,35823.83000000,32.62011900
1624110899999,35823.82000000,35837.95000000,35742.72000000,35762.27000000,51.18818900
1624111199999,35757.15000000,35793.22000000,35699.70000000,35785.87000000,37.80364400
1624111499999,35785.87000000,35894.99000000,35780.96000000,35887.61000000,49.17528100
1624111799999,35887.60000000,35969.78000000,35858.09000000,35880.22000000,81.89620000
1624112099999,35880.22000000,35918.35000000,35843.74000000,35874.66000000,31.98149700
1624112399999,35870.85000000,35953.37000000,35870.85000000,35930.02000000,72.42721900
1624112699999,35932.14000000,36091.67000000,35930.01000000,36017.62000000,115.22575600
1624112999999,36017.62000000,36051.62000000,35988.52000000,36043.85000000,53.86927600
1624113299999,36043.85000000,36286.00000000,36043.04000000,36225.03000000,624.46086600
1624113599999,36222.95000000,36325.40000000,36174.88000000,36269.92000000,325.03343900
1624113899999,36269.25000000,36269.25000000,36167.48000000,36221.20000000,93.08589700
1624114199999,36221.27000000,36256.99000000,35963.70000000,35977.60000000,143.96343700
1624114499999,35977.61000000,36104.22000000,35977.61000000,36104.21000000,46.28712700
1624114799999,36104.23000000,36253.31000000,36037.13000000,36253.31000000,78.57374400
1624115099999,36253.30000000,36362.10000000,36181.17000000,36191.37000000,147.85854700
1624115399999,36191.38000000,36233.94000000,36109.12000000,36119.86000000,46.42593000
1624115699999,36125.57000000,36237.00000000,36125.57000000,36228.18000000,59.01675100
1624115999999,36228.19000000,36230.34000000,36151.03000000,36168.38000000,44.60803200
1624116299999,36168.38000000,36197.05000000,36057.08000000,36124.16000000,72.81800900
1624116599999,36124.16000000,36147.88000000,36048.20000000,36087.38000000,42.71737100
1624116899999,36086.11000000,36086.11000000,36003.69000000,36020.87000000,90.52483200
1624117199999,36018.03000000,36018.12000000,35869.06000000,35887.95000000,90.02795700
1624117499999,35887.60000000,35962.38000000,35884.97000000,35932.50000000,45.88372200
1624117799999,35932.50000000,35998.00000000,35905.56000000,35987.14000000,30.23263300
1624118099999,35987.14000000,36069.53000000,35955.00000000,36050.92000000,57.61803200
1624118399999,36050.91000000,36169.99000000,36018.71000000,36136.40000000,66.40513700
1624118699999,36136.39000000,36231.68000000,36017.01000000,36052.31000000,158.22069100
1624118999999,36052.09000000,36079.57000000,35964.31000000,36000.00000000,66.65548200
1624119299999,36000.00000000,36048.00000000,35944.52000000,35979.60000000,37.56067000
1624119599999,35979.59000000,36050.00000000,35854.85000000,35868.90000000,67.25903800
1624119899999,35868.89000000,35928.56000000,35802.74000000,35917.56000000,69.28029500
1624120199999,35923.81000000,35923.81000000,35836.76000000,35855.45000000,33.82631200
1624120499999,35856.60000000,35999.64000000,35856.60000000,35959.03000000,32.32222200
1624120799999,35963.26000000,36015.41000000,35955.32000000,35987.07000000,32.66531000
1624121099999,35987.07000000,35987.07000000,35905.35000000,35918.35000000,24.45594100
1624121399999,35918.36000000,35994.85000000,35808.64000000,35858.46000000,69.56402600
1624121699999,35858.47000000,35973.28000000,35858.47000000,35955.71000000,32.38867900
1624121999999,35955.49000000,35958.13000000,35903.74000000,35908.94000000,36.23951900
1624122299999,35908.95000000,35935.22000000,35805.25000000,35816.88000000,65.90894100
1624122599999,35816.87000000,35821.28000000,35726.77000000,35750.05000000,95.54384200
1624122899999,35750.05000000,35764.73000000,35652.00000000,35672.09000000,72.59069800
1624123199999,35664.28000000,35733.56000000,35652.67000000,35721.73000000,37.26154000
1624123499999,35723.75000000,35794.66000000,35719.19000000,35759.43000000,42.91696500
1624123799999,35759.43000000,35845.12000000,35731.10000000,35786.37000000,44.19327200
1624124099999,35786.38000000,35890.65000000,35756.90000000,35860.18000000,44.35103000
1624124399999,35860.19000000,35860.19000000,35773.13000000,35802.74000000,37.10328600
1624124699999,35803.84000000,35822.64000000,35740.00000000,35795.57000000,38.68757900
1624124999999,35795.57000000,35795.57000000,35725.00000000,35725.00000000,63.05448300
1624125299999,35725.00000000,35794.56000000,35724.31000000,35792.28000000,20.56753600
1624125599999,35795.91000000,35866.87000000,35750.00000000,35779.45000000,56.79918900
1624125899999,35779.45000000,35779.47000000,35569.00000000,35570.01000000,107.65843600
1624126199999,35569.01000000,35707.21000000,35562.58000000,35630.41000000,65.21755900
1624126499999,35632.59000000,35700.00000000,35618.75000000,35695.78000000,33.68049900
1624126799999,35695.78000000,35707.37000000,35414.28000000,35514.83000000,143.21928700
1624127099999,35514.83000000,35582.25000000,35486.34000000,35550.01000000,60.39770800
1624127399999,35550.01000000,35582.26000000,35517.06000000,35545.26000000,31.95711600
1624127699999,35545.25000000,35545.25000000,35387.55000000,35466.55000000,92.74426900
1624127999999,35468.29000000,35512.26000000,35382.51000000,35416.17000000,62.11771500
1624128299999,35417.73000000,35480.00000000,35391.62000000,35448.98000000,42.69768200
1624128599999,35448.98000000,35547.76000000,35447.24000000,35529.59000000,45.50800400
1624128899999,35529.59000000,35661.62000000,35509.31000000,35594.11000000,91.99578600
1624129199999,35594.11000000,35601.34000000,35516.40000000,35527.61000000,45.31390800
1624129499999,35527.61000000,35613.46000000,35512.58000000,35593.63000000,28.98718300
1624129799999,35598.24000000,35615.27000000,35517.65000000,35574.60000000,27.99190100
1624130099999,35574.60000000,35579.41000000,35520.68000000,35567.12000000,23.07473000
1624130399999,35558.44000000,35651.04000000,35558.44000000,35636.06000000,35.01828600
1624130699999,35636.05000000,36051.17000000,35632.82000000,35947.94000000,277.67571800
1624130999999,35949.99000000,36020.39000000,35879.29000000,35887.43000000,101.91107900
1624131299999,35890.36000000,35890.36000000,35723.08000000,35744.24000000,54.60344700
1624131599999,35743.33000000,35884.54000000,35732.83000000,35862.05000000,40.42960700
1624131899999,35856.97000000,35898.30000000,35796.18000000,35866.10000000,41.99478800
1624132199999,35867.89000000,35890.27000000,35764.32000000,35797.72000000,55.49386000
1624132499999,35796.20000000,35832.95000000,35786.89000000,35804.30000000,24.00424700
1624132799999,35804.30000000,35984.69000000,35804.30000000,35955.05000000,58.14462600
1624133099999,35955.05000000,36039.32000000,35915.61000000,35942.13000000,92.45153600
1624133399999,35942.13000000,35973.58000000,35892.61000000,35958.33000000,46.85984300
1624133699999,35958.34000000,35989.99000000,35906.27000000,35931.33000000,19.09544300
1624133999999,35929.53000000,35932.89000000,35852.59000000,35883.15000000,58.63671400
1624134299999,35883.15000000,35954.80000000,35878.65000000,35892.97000000,21.47227100
1624134599999,35891.17000000,35894.31000000,35734.70000000,35824.16000000,137.46649200
1624134899999,35824.16000000,35856.38000000,35758.67000000,35809.51000000,30.85643700
1624135199999,35809.52000000,35888.08000000,35784.15000000,35884.63000000,51.69284400
1624135499999,35884.63000000,35946.82000000,35884.63000000,35918.62000000,16.32926900
1624135799999,35918.61000000,36146.52000000,35911.36000000,36107.15000000,144.42217600
1624136099999,36106.65000000,36180.00000000,36063.16000000,36125.67000000,71.20193600
1624136399999,36125.91000000,36200.31000000,36111.07000000,36115.51000000,90.77832500
1624136699999,36115.51000000,36142.87000000,36083.68000000,36094.98000000,66.91285100
1624136999999,36094.94000000,36160.71000000,36064.29000000,36107.79000000,36.79581600
1624137299999,36107.80000000,36115.44000000,36060.56000000,36090.88000000,27.76644500
1624137599999,36090.87000000,36090.87000000,36028.85000000,36028.86000000,28.67044400
1624137899999,36028.85000000,36097.23000000,36000.50000000,36055.76000000,44.79691100
1624138199999,36055.77000000,36055.77000000,35987.77000000,36047.15000000,32.90154300
1624138499999,36047.16000000,36047.16000000,35989.40000000,36010.00000000,7.91470200
1624138799999,36009.99000000,36019.10000000,36004.00000000,36004.60000000,14.83644100
1624139099999,36002.80000000,36002.80000000,35868.26000000,35923.35000000,81.32246800
1624139399999,35921.49000000,36010.70000000,35881.55000000,35979.40000000,33.61273400
1624139699999,35979.41000000,36051.94000000,35955.01000000,35955.01000000,25.99343300
1624139999999,35955.01000000,35986.77000000,35856.12000000,35872.74000000,40.10604600
1624140299999,35872.74000000,35905.93000000,35779.22000000,35807.37000000,50.35524200
1624140599999,35809.16000000,35809.29000000,35728.00000000,35728.82000000,46.67993200
1624140899999,35728.00000000,35753.15000000,35642.15000000,35704.86000000,73.97160100
1624141199999,35703.06000000,35777.76000000,35673.47000000,35736.80000000,30.46590100
1624141499999,35731.09000000,35736.80000000,35607.72000000,35663.26000000,26.64707500
1624141799999,35663.26000000,35725.99000000,35619.53000000,35713.17000000,19.33311600
1624142099999,35715.00000000,35725.04000000,35612.08000000,35670.66000000,33.74838800
1624142399999,35674.99000000,35710.42000000,35627.93000000,35706.33000000,33.37940700
1624142699999,35706.34000000,35710.43000000,35635.00000000,35638.20000000,13.26081100
1624142999999,35638.19000000,35638.19000000,35542.73000000,35621.06000000,62.82330300
1624143299999,35621.06000000,35693.38000000,35597.95000000,35597.95000000,33.10973800
1624143599999,35597.95000000,35611.53000000,35538.47000000,35564.63000000,32.48106100
1624143899999,35564.63000000,35571.23000000,35458.60000000,35522.17000000,101.26829400
1624144199999,35523.84000000,35589.99000000,35491.78000000,35559.17000000,38.09842400
1624144499999,35559.17000000,35618.25000000,35501.26000000,35589.11000000,23.26426800
1624144799999,35589.11000000,35819.93000000,35561.22000000,35785.38000000,172.76200500
1624145099999,35788.35000000,35795.83000000,35730.34000000,35740.49000000,20.87287000
1624145399999,35736.83000000,35740.27000000,35633.00000000,35658.81000000,21.41238300
1624145699999,35658.82000000,35665.69000000,35501.30000000,35501.30000000,25.75856000
1624145999999,35501.31000000,35579.99000000,35448.27000000,35579.95000000,70.86201500
1624146299999,35575.26000000,35575.26000000,35469.39000000,35543.01000000,45.66704200
1624146599999,35542.32000000,35542.32000000,35402.14000000,35506.36000000,52.91201500
1624146899999,35506.35000000,35650.00000000,35484.20000000,35617.78000000,37.25465000
1624147199999,35617.78000000,35623.71000000,35484.18000000,35493.34000000,44.85306500
1624147499999,35493.34000000,35675.22000000,35400.51000000,35606.36000000,116.87949000
1624147799999,35604.02000000,35630.00000000,35223.71000000,35361.09000000,174.91243100
1624148099999,35360.67000000,35494.24000000,35329.72000000,35475.75000000,74.70381500
1624148399999,35475.75000000,35492.07000000,35215.10000000,35300.00000000,83.84229600
1624148699999,35295.41000000,35342.10000000,35250.13000000,35250.13000000,41.84489200
1624148999999,35250.23000000,35261.51000000,35136.60000000,35220.16000000,119.84906800
1624149299999,35225.87000000,35352.03000000,35200.00000000,35316.95000000,58.13546400
1624149599999,35316.94000000,35389.99000000,35296.41000000,35342.61000000,21.46167800
1624149899999,35342.61000000,35360.57000000,35294.18000000,35329.63000000,34.48277400
1624150199999,35329.63000000,35381.35000000,35224.49000000,35368.74000000,40.16418200
1624150499999,35372.30000000,35418.27000000,35355.21000000,35399.89000000,30.79317000
1624150799999,35392.22000000,35398.87000000,35330.19000000,35393.43000000,32.62414200
1624151099999,35393.43000000,35663.25000000,35345.25000000,35595.73000000,167.14723600
1624151399999,35595.73000000,35651.87000000,35567.00000000,35570.02000000,56.20383800
1624151699999,35570.02000000,35599.99000000,35536.40000000,35554.80000000,42.54994700
1624151999999,35554.80000000,35666.38000000,35539.65000000,35620.88000000,49.26971300
1624152299999,35618.76000000,35775.00000000,35606.04000000,35752.13000000,51.79741200
1624152599999,35752.13000000,35755.34000000,35670.91000000,35670.92000000,51.35522600
1624152899999,35670.92000000,35736.07000000,35670.92000000,35673.47000000,20.88262200
1624153199999,35673.47000000,35803.55000000,35673.47000000,35715.38000000,49.05294600
1624153499999,35715.20000000,35746.20000000,35691.21000000,35738.26000000,19.36100500
1624153799999,35738.25000000,35746.16000000,35661.99000000,35700.00000000,21.13956200
1624154099999,35702.03000000,35712.23000000,35610.89000000,35625.15000000,20.86746600
1624154399999,35625.14000000,35684.16000000,35625.14000000,35644.53000000,25.44513500
1624154699999,35645.61000000,35645.61000000,35540.67000000,35567.18000000,43.66034200
1624154999999,35567.77000000,35586.59000000,35469.53000000,35496.00000000,36.67543900
1624155299999,35490.62000000,35537.66000000,35475.93000000,35500.95000000,21.44735400
1624155599999,35500.95000000,35500.95000000,35381.35000000,35385.57000000,47.20123900
1624155899999,35384.79000000,35439.28000000,35368.01000000,35427.93000000,38.44415600
1624156199999,35432.84000000,35432.84000000,35320.01000000,35325.85000000,44.14861800
1624156499999,35325.84000000,35410.00000000,35295.57000000,35410.00000000,40.51100300
1624156799999,35409.99000000,35462.65000000,35378.12000000,35422.01000000,29.10629900
1624157099999,35422.01000000,35434.00000000,35300.00000000,35340.02000000,96.54101500
1624157399999,35340.00000000,35428.36000000,35326.54000000,35413.31000000,34.65419000
1624157699999,35409.77000000,35614.13000000,35398.31000000,35591.85000000,59.52116000
1624157999999,35591.85000000,35637.73000000,35566.12000000,35610.99000000,52.98997500
1624158299999,35610.99000000,35610.99000000,35469.39000000,35478.74000000,54.13065700
1624158599999,35478.74000000,35746.20000000,35478.74000000,35711.13000000,92.75363600
1624158899999,35711.14000000,35711.54000000,35617.04000000,35648.68000000,25.38954900
1624159199999,35650.48000000,35651.60000000,35575.06000000,35575.06000000,24.96223300
1624159499999,35575.06000000,35660.62000000,35565.28000000,35597.95000000,36.52971100
1624159799999,35599.00000000,35704.02000000,35598.99000000,35658.42000000,63.67231800
1624160099999,35658.42000000,35658.43000000,35576.91000000,35596.57000000,52.43477500
1624160399999,35596.56000000,35618.29000000,35566.51000000,35589.46000000,33.71611900
1624160699999,35589.47000000,35710.00000000,35589.47000000,35679.93000000,57.84576000
1624160999999,35679.92000000,35775.00000000,35646.60000000,35646.60000000,67.39242600
1624161299999,35646.50000000,35660.00000000,35619.85000000,35623.69000000,47.37871000
1624161599999,35623.68000000,35624.77000000,35518.31000000,35536.78000000,64.03093900
1624161899999,35532.99000000,35532.99000000,35455.26000000,35506.89000000,44.78165000
1624162199999,35506.89000000,35677.82000000,35490.52000000,35638.30000000,41.27132400
1624162499999,35638.29000000,35654.43000000,35585.33000000,35604.58000000,40.32282200
1624162799999,35604.57000000,35739.50000000,35555.91000000,35710.46000000,64.83538900
1624163099999,35710.15000000,35710.15000000,35639.08000000,35639.09000000,33.75853000
1624163399999,35639.09000000,35666.09000000,35612.84000000,35659.75000000,44.71614400
1624163699999,35659.75000000,35752.98000000,35659.75000000,35726.72000000,39.81717900
1624163999999,35726.72000000,35872.15000000,35722.59000000,35778.80000000,126.31575900
1624164299999,35778.49000000,35851.86000000,35768.98000000,35779.48000000,52.77231800
1624164599999,35781.99000000,35784.70000000,35723.35000000,35769.55000000,49.45262700
1624164899999,35769.99000000,35829.15000000,35749.34000000,35819.46000000,29.19900800
1624165199999,35819.46000000,35881.13000000,35801.48000000,35810.01000000,44.58497000
1624165499999,35810.00000000,35813.70000000,35760.90000000,35798.76000000,23.86270600
1624165799999,35798.76000000,35867.04000000,35788.61000000,35851.76000000,32.17188100
1624166099999,35849.30000000,35867.04000000,35815.00000000,35820.56000000,21.08155700
1624166399999,35820.66000000,35897.36000000,35804.49000000,35887.57000000,28.13846300
1624166699999,35887.57000000,35927.91000000,35828.43000000,35844.75000000,53.39569300
1624166999999,35845.43000000,35867.66000000,35750.00000000,35760.81000000,28.69753800
1624167299999,35760.70000000,35782.71000000,35708.63000000,35754.88000000,28.09533300
1624167599999,35754.88000000,35855.69000000,35754.88000000,35843.37000000,36.93480100
1624167899999,35837.53000000,35839.99000000,35750.00000000,35781.07000000,38.07928500
1624168199999,35781.07000000,35813.46000000,35733.55000000,35747.27000000,17.70965400
1624168499999,35747.27000000,35775.32000000,35733.01000000,35749.99000000,21.78592700
1624168799999,35749.42000000,35800.00000000,35734.70000000,35734.70000000,19.42230800
1624169099999,35735.97000000,35766.22000000,35647.95000000,35678.18000000,65.44723500
1624169399999,35678.18000000,35707.54000000,35613.78000000,35627.77000000,34.80622700
1624169699999,35627.78000000,35665.70000000,35599.90000000,35661.06000000,33.13770100
1624169999999,35661.06000000,35661.06000000,35522.32000000,35567.95000000,41.26360100
1624170299999,35567.95000000,35599.80000000,35545.92000000,35579.90000000,20.98697800
1624170599999,35579.90000000,35642.96000000,35560.85000000,35622.51000000,24.37299700
1624170899999,35625.35000000,35654.38000000,35593.53000000,35621.62000000,20.19063400
1624171199999,35621.62000000,35726.74000000,35621.61000000,35695.14000000,27.09651700
1624171499999,35695.13000000,35708.64000000,35637.45000000,35647.93000000,14.97186500
1624171799999,35649.29000000,35663.42000000,35560.00000000,35563.48000000,28.21313500
1624172099999,35563.48000000,35580.78000000,35492.85000000,35524.03000000,68.36802300
1624172399999,35524.03000000,35556.99000000,35490.81000000,35513.47000000,61.81362500
1624172699999,35510.04000000,35597.94000000,35481.99000000,35528.55000000,70.30972000
1624172999999,35528.55000000,35532.91000000,35447.37000000,35469.53000000,61.66589000
1624173299999,35469.58000000,35493.87000000,35402.98000000,35428.67000000,82.79578600
1624173599999,35428.64000000,35501.23000000,35418.00000000,35444.76000000,180.59279800
1624173899999,35446.81000000,35446.81000000,35361.99000000,35377.34000000,123.20230000
1624174199999,35377.34000000,35434.85000000,35377.34000000,35397.40000000,45.28666800
1624174499999,35397.39000000,35513.66000000,35393.32000000,35495.27000000,46.41045800
1624174799999,35495.40000000,35498.03000000,35423.25000000,35428.58000000,34.56100200
1624175099999,35430.37000000,35458.00000000,35405.85000000,35418.12000000,34.45132300
1624175399999,35418.12000000,35654.46000000,35413.21000000,35581.86000000,102.57493900
1624175699999,35581.85000000,35625.67000000,35555.99000000,35600.02000000,42.04199600
1624175999999,35600.03000000,35663.26000000,35598.46000000,35635.09000000,75.43313800
1624176299999,35635.09000000,35664.12000000,35529.58000000,35563.26000000,52.52749600
1624176599999,35563.27000000,35675.96000000,35563.27000000,35650.01000000,56.26596700
1624176899999,35650.01000000,35661.21000000,35582.53000000,35593.57000000,28.04349900
1624177199999,35593.57000000,35593.57000000,35543.21000000,35566.37000000,16.29187100
1624177499999,35568.15000000,35606.32000000,35447.34000000,35463.31000000,60.56827600
1624177799999,35461.69000000,35497.65000000,35425.82000000,35493.70000000,52.23666900
1624178099999,35493.70000000,35493.70000000,35420.11000000,35476.69000000,42.38883000
1624178399999,35476.68000000,35488.44000000,35372.59000000,35372.60000000,54.69918100
1624178699999,35372.60000000,35415.94000000,35319.28000000,35345.52000000,95.06768500
1624178999999,35345.52000000,35360.19000000,35272.48000000,35297.15000000,77.60967800
1624179299999,35297.16000000,35355.69000000,35287.09000000,35315.87000000,41.13882800
1624179599999,35322.17000000,35395.77000000,35303.07000000,35329.18000000,72.98752500
1624179899999,35329.17000000,35369.08000000,35296.08000000,35346.92000000,57.04090600
1624180199999,35346.93000000,35346.93000000,35104.69000000,35149.50000000,165.50907200
1624180499999,35149.49000000,35233.00000000,35139.36000000,35226.25000000,67.88287400
1624180799999,35226.24000000,35261.87000000,35183.67000000,35249.96000000,54.95396500
1624181099999,35248.87000000,35274.75000000,35230.00000000,35242.49000000,37.55488800
1624181399999,35241.72000000,35337.77000000,35238.24000000,35320.90000000,67.87454200
1624181699999,35320.91000000,35377.77000000,35264.06000000,35334.06000000,64.10982000
1624181999999,35334.06000000,35362.86000000,35273.15000000,35275.46000000,20.46552900
1624182299999,35273.15000000,35319.46000000,35227.16000000,35248.37000000,50.39706300
1624182599999,35248.40000000,35277.19000000,35214.04000000,35220.56000000,42.74639600
1624182899999,35217.84000000,35230.80000000,34868.59000000,34988.85000000,340.05032100
1624183199999,34990.62000000,35010.08000000,34879.07000000,34985.08000000,117.90871400
1624183499999,34983.26000000,35008.15000000,34865.61000000,34866.50000000,102.24154300
1624183799999,34865.22000000,34874.97000000,34260.84000000,34440.35000000,694.04444800
1624184099999,34439.56000000,34490.96000000,34133.10000000,34390.17000000,392.95229300
1624184399999,34390.18000000,34415.28000000,34267.11000000,34364.34000000,136.26323600
1624184699999,34364.35000000,34371.83000000,33855.00000000,33993.80000000,510.58501200
1624184999999,33993.79000000,34129.62000000,33723.32000000,34074.39000000,415.45247600
1624185299999,34078.62000000,34180.38000000,33911.23000000,34076.74000000,214.28099200
1624185599999,34077.83000000,34150.93000000,34008.33000000,34113.63000000,107.10728300
1624185899999,34121.19000000,34290.74000000,34121.19000000,34227.40000000,134.36712900
1624186199999,34227.40000000,34283.26000000,34062.27000000,34118.59000000,121.07187800
1624186499999,34118.59000000,34147.30000000,33920.74000000,34082.26000000,157.35424700
1624186799999,34083.28000000,34128.77000000,33978.43000000,34084.72000000,81.22422300
1624187099999,34084.84000000,34107.65000000,33875.20000000,34097.89000000,146.30303100
1624187399999,34097.91000000,34128.18000000,34000.00000000,34107.30000000,64.63566700
1624187699999,34108.43000000,34281.99000000,34108.42000000,34176.92000000,324.77369300
1624187999999,34178.41000000,34178.41000000,33987.54000000,34053.20000000,207.65838600
1624188299999,34053.21000000,34091.61000000,33890.01000000,33920.69000000,132.45493700
1624188599999,33920.69000000,34028.80000000,33905.91000000,33949.99000000,94.78054200
1624188899999,33949.99000000,33949.99000000,33750.00000000,33803.04000000,169.08256900
1624189199999,33803.56000000,34041.95000000,33802.08000000,33915.68000000,161.17810700
1624189499999,33915.68000000,34113.31000000,33915.68000000,33984.98000000,112.82134900
1624189799999,33981.30000000,34050.00000000,33840.91000000,33869.99000000,104.48755000
1624190099999,33869.98000000,33946.63000000,33863.56000000,33927.82000000,66.53888900
1624190399999,33934.28000000,33969.20000000,33867.46000000,33875.00000000,50.13319700
1624190699999,33874.99000000,33999.99000000,33767.02000000,33786.73000000,172.51431100
1624190999999,33786.73000000,33792.57000000,33433.00000000,33602.29000000,520.60588900
1624191299999,33602.31000000,33726.09000000,33544.89000000,33597.11000000,190.35347500
1624191599999,33598.17000000,33694.91000000,33414.96000000,33469.35000000,179.63982700
1624191899999,33469.34000000,33527.44000000,33333.00000000,33400.00000000,307.87425700
1624192199999,33399.88000000,33503.89000000,33391.04000000,33468.48000000,106.79204700
1624192499999,33468.49000000,33703.49000000,33450.00000000,33637.36000000,173.58246700
1624192799999,33637.37000000,33711.92000000,33570.00000000,33622.59000000,236.66161900
1624193099999,33620.00000000,33699.00000000,33593.04000000,33637.33000000,107.46245100
1624193399999,33641.97000000,33802.62000000,33639.19000000,33772.44000000,174.81815600
1624193699999,33777.43000000,33990.38000000,33750.00000000,33990.38000000,188.56650300
1624193999999,33991.41000000,33991.42000000,33842.93000000,33921.64000000,178.06499500
1624194299999,33921.90000000,34100.00000000,33854.34000000,34082.13000000,211.28064200
1624194599999,34082.13000000,34233.88000000,34062.70000000,34154.09000000,390.54654000
1624194899999,34154.11000000,34155.14000000,34088.43000000,34136.64000000,148.74071900
1624195199999,34136.63000000,34136.63000000,33973.80000000,34015.98000000,134.39250700
1624195499999,34014.14000000,34015.86000000,33835.79000000,33931.19000000,161.78412800
1624195799999,33934.72000000,33934.72000000,33830.00000000,33881.81000000,111.44610700
1624196099999,33883.19000000,34039.14000000,33869.01000000,33910.74000000,155.74064900
1624196399999,33910.00000000,34027.46000000,33904.72000000,34013.00000000,97.69148900
1624196699999,34013.00000000,34077.58000000,33967.02000000,34003.32000000,61.89696900
1624196999999,34003.32000000,34099.38000000,33997.38000000,34072.25000000,72.98938800
1624197299999,34072.24000000,34113.22000000,34040.01000000,34040.02000000,59.74947100
1624197599999,34040.02000000,34056.84000000,33874.95000000,33907.46000000,78.61023200
1624197899999,33907.45000000,33910.17000000,33711.00000000,33841.00000000,292.58276800
1624198199999,33840.62000000,34085.95000000,33831.71000000,34040.56000000,114.39042200
1624198499999,34042.68000000,34183.48000000,34010.48000000,34104.45000000,185.45907600
1624198799999,34104.45000000,34267.15000000,34079.88000000,34183.11000000,171.12138900
1624199099999,34183.10000000,34213.93000000,34150.00000000,34160.91000000,70.54932000
1624199399999,34160.93000000,34177.53000000,34110.46000000,34124.22000000,109.59866300
1624199699999,34125.87000000,34210.00000000,34100.00000000,34162.42000000,81.28321000
1624199999999,34162.41000000,34210.50000000,34124.95000000,34124.95000000,38.29518800
1624200299999,34124.95000000,34180.47000000,34119.39000000,34177.28000000,57.27793700
1624200599999,34177.20000000,34190.00000000,34097.01000000,34109.34000000,83.73086800
1624200899999,34115.67000000,34202.21000000,34099.39000000,34164.94000000,72.65030200
1624201199999,34165.86000000,34330.13000000,34144.13000000,34323.12000000,125.34724700
1624201499999,34325.44000000,34463.14000000,34318.58000000,34400.00000000,195.32935700
1624201799999,34400.01000000,34464.53000000,34350.11000000,34440.33000000,81.60238600
1624202099999,34440.32000000,34504.17000000,34377.51000000,34448.56000000,106.71003900
1624202399999,34448.57000000,34576.94000000,34391.58000000,34570.48000000,133.67366800
